,sex,fare
0,male,7.25
1,female,71.2833
2,female,7.925
3,female,53.1
4,male,8.05
5,male,8.4583
6,male,51.8625
7,male,21.075
8,female,11.1333
9,female,30.0708
10,female,16.7
11,female,26.55
12,male,8.05
13,male,31.275
14,female,7.8542
15,female,16.0
16,male,29.125
17,male,13.0
18,female,18.0
19,female,7.225
20,male,26.0
21,male,13.0
22,female,8.0292
23,male,35.5
24,female,21.075
25,female,31.3875
26,male,7.225
27,male,263.0
28,female,7.8792
29,male,7.8958
30,male,27.7208
31,female,146.5208
32,female,7.75
33,male,10.5
34,male,82.1708
35,male,52.0
36,male,7.2292
37,male,8.05
38,female,18.0
39,female,11.2417
40,female,9.475
41,female,21.0
42,male,7.8958
43,female,41.5792
44,female,7.8792
45,male,8.05
46,male,15.5
47,female,7.75
48,male,21.6792
49,female,17.8
